{"cameraMode":{"drawMode":0,"name":"Shaded","section":"Shading Mode"},"sceneLighting":true,"audioPlay":false,"sceneViewState":{"m_AlwaysRefresh":false,"showFog":true,"showSkybox":true,"showFlares":true,"showImageEffects":true,"showParticleSystems":true,"showVisualEffectGraphs":true,"m_FxEnabled":true},"in2DMode":false,"pivot":{"x":97.39214324951172,"y":167.31243896484376,"z":-175.69383239746095},"rotation":{"x":0.27769652009010317,"y":-0.0043234387412667278,"z":0.001250411500222981,"w":0.9606598615646362},"size":0.10082238167524338,"orthographic":false}