{"count":1,"self":21.7095968,"total":22.017965999999998,"children":{"InitializeActuators":{"count":2,"self":0.0010234999999999999,"total":0.0010234999999999999,"children":null},"InitializeSensors":{"count":2,"self":0.0045728,"total":0.0045728,"children":null},"AgentSendState":{"count":841,"self":0.0580373,"total":0.0755441,"children":{"CollectObservations":{"count":338,"self":0.0024752,"total":0.0024752,"children":null},"WriteActionMask":{"count":338,"self":0.0019751,"total":0.0019751,"children":null},"RequestDecision":{"count":338,"self":0.013056499999999999,"total":0.013056499999999999,"children":null}}},"DecideAction":{"count":841,"self":0.212883,"total":0.21439229999999998,"children":{"RayPerceptionSensor.Perceive":{"count":676,"self":0.0015092999999999999,"total":0.0015092999999999999,"children":null}}},"AgentAct":{"count":841,"self":0.011835199999999999,"total":0.011835199999999999,"children":null}},"gauges":{},"metadata":{"timer_format_version":"0.1.0","start_time_seconds":"1726353058","unity_version":"2022.3.27f1","command_line_arguments":"C:\\Program Files\\Unity\\Hub\\Editor\\2022.3.27f1\\Editor\\Unity.exe -projectpath C:\\Users\\pc\\Desktop\\TFGSoccerTwos -useHub -hubIPC -cloudEnvironment production","communication_protocol_version":"1.5.0","com.unity.ml-agents_version":"3.0.0-exp.1","scene_name":"Nivel 1","end_time_seconds":"1726353080"}}