{"count":1,"self":2602.7778048,"total":36154.5563635,"children":{"InitializeActuators":{"count":36,"self":0.0015105,"total":0.0015105,"children":null},"InitializeSensors":{"count":36,"self":0.0040156,"total":0.0040156,"children":null},"AgentSendState":{"count":1395217,"self":2365.7205759999997,"total":3479.4279213,"children":{"CollectObservations":{"count":10046016,"self":39.2793408,"total":39.2793397,"children":null},"WriteActionMask":{"count":10046016,"self":26.8270864,"total":26.8270862,"children":null},"RequestDecision":{"count":10046016,"self":96.234617599999993,"total":1047.6008353,"children":{"AgentInfo.ToProto":{"count":10046016,"self":84.0757376,"total":951.36621719999994,"children":{"GenerateSensorData":{"count":10046016,"self":724.23664639999993,"total":867.29047789999993,"children":{"RayPerceptionSensor.Perceive":{"count":20092032,"self":143.05381119999998,"total":143.05380739999998,"children":null}}}}}}}}},"DecideAction":{"count":1395217,"self":29711.9186944,"total":29711.9171488,"children":null},"AgentAct":{"count":1395217,"self":341.6196864,"total":341.6196783,"children":null},"AgentInfo.ToProto":{"count":182592,"self":2.0626968,"total":18.806302499999997,"children":{"GenerateSensorData":{"count":182592,"self":13.953665599999999,"total":16.7436056,"children":{"RayPerceptionSensor.Perceive":{"count":365184,"self":2.7899404,"total":2.7899403,"children":null}}}}}},"gauges":{"SoccerTwos.CumulativeReward":{"count":182592,"max":0,"min":0,"runningAverage":0,"value":0,"weightedAverage":0}},"metadata":{"timer_format_version":"0.1.0","start_time_seconds":"1725831271","unity_version":"2022.3.27f1","command_line_arguments":"C:\\Program Files\\Unity\\Hub\\Editor\\2022.3.27f1\\Editor\\Unity.exe -projectPath C:\\Users\\pc\\Desktop\\TFGSoccerTwos","communication_protocol_version":"1.5.0","com.unity.ml-agents_version":"3.0.0-exp.1","scene_name":"SoccerTwos","end_time_seconds":"1725867425"}}