{"count":1,"self":459656.34437119996,"total":516412.0087962,"children":{"InitializeActuators":{"count":36,"self":0.0050491999999999993,"total":0.0050491999999999993,"children":null},"InitializeSensors":{"count":36,"self":0.0045704,"total":0.0045704,"children":null},"AgentSendState":{"count":25820608,"self":27581.887283199998,"total":28651.7824567,"children":{"CollectObservations":{"count":185908392,"self":392.1745664,"total":392.1745542,"children":null},"WriteActionMask":{"count":185908392,"self":242.82672639999998,"total":242.82673849999998,"children":null},"RequestDecision":{"count":185908392,"self":434.8952064,"total":434.89520769999996,"children":null}}},"DecideAction":{"count":25820608,"self":23804.873932799997,"total":24914.5665237,"children":{"RayPerceptionSensor.Perceive":{"count":371816784,"self":1109.6921088,"total":1109.6920694,"children":null}}},"AgentAct":{"count":25820608,"self":3189.3012479999998,"total":3189.3011994999997,"children":null}},"gauges":{"SoccerTwos.CumulativeReward":{"count":3163576,"max":0,"min":0,"runningAverage":0,"value":0,"weightedAverage":0}},"metadata":{"timer_format_version":"0.1.0","start_time_seconds":"1719161251","unity_version":"2022.3.27f1","command_line_arguments":"C:\\Program Files\\Unity\\Hub\\Editor\\2022.3.27f1\\Editor\\Unity.exe -projectpath C:\\Users\\pc\\Desktop\\TFGSoccerTwos -useHub -hubIPC -cloudEnvironment production","communication_protocol_version":"1.5.0","com.unity.ml-agents_version":"3.0.0-exp.1","scene_name":"SoccerTwos 1","end_time_seconds":"1719677663"}}